t3_ss4msv,p:8c70e0049f070243c0781dfb7c63be03239fe3bc40b4bd3c49c71e7ba1ef0cfb,p:8ce19f02c01d7ebe
t3_ss3nqi,p:8deda3708cde5b2c4c92d16eb2cdf43316cc0fb34c8ccb33e24c70537ccc0b2d,p:8da38c5b4cd1b2f4
t3_ss6n3d,p:944e9bf14b35a56124c2f0d64b509b2b7a43695a68d22599373e5abf965e346c,p:949b4ba525f04b9b
t3_ssa2n7,p:ec4aeb52cc628cd81dad196c8c9933b353bd9c2b73c69f1c1330c8e5e32e99b0,p:ecebcc8c1d198c33
t3_ssamdu,p:c7f099203f0b66707c7c71c064f0798877c3fda477cb7794770c669266387608,p:c7993c663c716079
t3_ss5xn2,p:ee1bb1871ea6ea5885e19e85687965eb3a86097ee7aa8e06997a226185473bb2,p:eeb11eea819e6825
t3_ss9b3t,p:904a9d5a1ab634ccc43d6133868de5e7b3b24a7c1fece2636d9b0634c973962c,p:919d1a34c465d7e5
t3_ss7eid,p:d00041b907ff3e04fe1a93ef69b1c1e0d3c03c1f3c2fde3ac3d061a169f992ce,p:d043073efe9369c1
t3_ssacri,p:bc318294a3cf1afe6c0343009dfcbde60006af0d938eed4b46fbbd21a39c7987,p:bc82a31a6c439dbd
t3_ss6pfn,p:a463a622a49e7ed490591f9cd26339c94b2e494939a5889d3f95a0745ddf97aa,p:a4a6a47e981fd239
t3_ssdvfo,p:a1aebdd39b93caa9c19f11fe25853c705552a624d057c65cb6e49556e6441736,p:a1bd9bcac1312d3c
t3_ssc2xa,p:e631bbae4bce2a70b7b1f0cc2b7fcc2135f033c45fe0f2721b194a42690e85b4,p:a6bb4b2ab2f00bcc
t3_ssdnjb,p:c41cae6d1e63199c6996d322589b42d956db5ad252ae5630d86f9ca2b5a6b563,p:c4ae1e3969d35a52
t3_ssc91w,p:aac5bcd0ff924f12b015a8bd8548952bd03fc06edd2e1119893db08a7fd67b54,p:a2bcdf4fb0a88594
t3_ssgtbb,p:c8f28e14b38e31e94e7b51e3b9f3af062304c826d4f04f1854493ae7bf3568bc,p:c88eb3314e50b9af
t3_ssf7vp,p:dfd4bb8ae02aa756fba80de07b1f00fe277b70c7de0d803ad2d1c03d52c24615,p:cfbbe0a7f90d6800
t3_sse0b6,p:be1201e04eace44531d29fbc7b5555a04fdfe9419694cb6f9024934bcf64d29d,p:be014ee4319f7954
t3_ss8yq1,p:b331d33340e82ec6a5c4159bc0ba68e685cce4db94b9d2f986466e6c84bbd4bb,p:b3d3422ea515c27b
t3_ssaxu2,p:c753bb58ea7374ac952399ce9a9c9281db0619d53e0f6c3965826558627dcca6,p:c7bbe87494919a92
t3_ssjaim,p:bd993d0ee006e06231fc39f4e420a1bc3d2fde07331f4ec11fd3c21f1ec09bf0,p:bd3de0e03139e4a5
t3_ssefx7,p:be304000e3049fef9eff40eb5dfb9ffff0472200e714131c8f885c429e639a53,p:be40e39f9e40119f
t3_ssf6zg,p:eaf5c9941911bb223420eb421d5ab1fd96e9f0e986cdb4299fcb29b04bd6ca31,p:eac819b334eb15b1
t3_ssja3e,p:ceee4f4ab8a1b91790f9b079953e1d82931082e15f5e6ce46550416d674176fe,p:ce4fb8b990b0951d
t3_ssei0t,p:cf6fb850b89e6d7a02f55f8cd662b199c8ee233d4b8826465980a465f1baaa59,p:cfb8b069025fc6b1
t3_ssflxr,p:99cbe6984e6eec23258c18dc98f3e433632c1a6b198c249ca6735b235bdbe6d2,p:99e64eed251898e5
t3_sshecm,p:d4187a6628dba6b91b64299ee5339ac9263cf16288d90f66e52cebbe06632db4,p:d47a28a61b69e59a
t3_ss9uzu,p:e24b30cdb6a75eb4531e5b4d1de754d75c53cb5a4d09242c649cfe4646680e63,p:e230b65e535b1d54
t3_sskc8c,p:e133d6634246749e96cfbf1eb78b9a6371a17a63c7636cbd0e0e9d8c180c1780,p:e1d6407496b8b79a
t3_sshpx1,p:eb349ccb96fccfcabaf66ade3f0019bb002f5920e54082c39291945e3e9438df,p:eb9c94cfb8621c19
t3_ssmoo1,p:ffe4a09b826f8cf3c70cfdfca053ab2c24d31f2420988f24209bdf34a19edc63,p:ffa0828cc6f9a0ab
t3_ssoy70,p:b333b19939c2c60614cb1be21c7cccc44fd40bf7b4e3c74ff681a63bc25449e2,p:b3b139c6151b1ecc
t3_ssqkhm,p:b55427ff490842ed34fff48013afb3444bbf6d522d76699a4d121326d3004cbf,p:b537494234f413b7
t3_ssihi5,p:beb08014fb821fff68fb405dbfffbf0460008f18d0fe1c785463be01a39c638c,p:be80f31f68409eae
t3_sss8ig,p:ad67bc0c1e401dc077f3ca39df7120e16879ce23d13142e7e09de172c3bc60fc,p:ad9c1e1d76cad620
t3_sslg3i,p:9a149d73a9f39aaa150efe6122fae115df43c03549acd3597e03c8b2f90d07e8,p:9a9da91a15fe22e1
t3_sswlgs,p:b326333eecd93bc533c6c45212c63f07dc78d6383e37498517822157cc2726d7,p:b313ec3b31c4123f
t3_sswpzl,p:95519516568e972bcaa8e8e439556b556ee8c474b4493d4b6e9a856ab52b68e5,p:95855697cae8296b
t3_ssuakz,p:bbae9455b455810585153c5bf1e463af6e1b7aefe1e04ef3925159cc911112d3,p:bb94b481853cf167
t3_ssyq5f,p:b4544bfa42fa3e047a297e8a5bb2bc5607e6a1f1a7c9c617243f9dc05a1b48c6,p:b44b423c5a7e5ab8
t3_sswbwn,p:b6e136e1b601e61bc6166c138f7e977ace06c81f899f889788deaadca80c889f,p:b636b6e6c6480787
t3_ssyves,p:d450d2022c973f557b0ea1c134ebb2ea61e94927cbd64ea44d254dad2cbe2cb7,p:d0d22c3f7ba134b2
